Variable O&M ($/MWh) - Preex. Retiring,2019,2020,2021,2022,2023,2024,2025,2026,2027,2028,2029,2030,2031,2032,2033,2034,2035,2036,2037,2038,2039,2040,2041,2042,2043,2044,2045,2046,2047,2048,2049,2050
hard coal,3.59,3.59,3.59,3.59,3.59,3.59,3.59,3.59,3.59,3.59,3.59,3.59,3.59,3.59,3.59,3.59,3.59,3.59,3.59,3.59,3.59,3.59,3.59,3.59,3.59,3.59,3.59,3.59,3.59,3.59,3.59,3.59
natural gas nonpeaker,0.06,0.06,0.06,0.06,0.06,0.06,0.06,0.06,0.06,0.06,0.06,0.06,0.06,0.06,0.06,0.06,0.06,0.06,0.06,0.06,0.06,0.06,0.06,0.06,0.06,0.06,0.06,0.06,0.06,0.06,0.06,0.06
nuclear,4.57,4.57,4.57,4.57,4.57,4.57,4.57,4.57,4.57,4.57,4.57,4.57,4.57,4.57,4.57,4.57,4.57,4.57,4.57,4.57,4.57,4.57,4.57,4.57,4.57,4.57,4.57,4.57,4.57,4.57,4.57,4.57
hydro,6.24,6.24,6.24,6.24,6.24,6.24,6.24,6.24,6.24,6.24,6.24,6.24,6.24,6.24,6.24,6.24,6.24,6.24,6.24,6.24,6.24,6.24,6.24,6.24,6.24,6.24,6.24,6.24,6.24,6.24,6.24,6.24
onshore wind,0,0.00,0.00,0.00,0.00,0.00,0.00,0.00,0.00,0.00,0.00,0.00,0.00,0.00,0.00,0.00,0.00,0.00,0.00,0.00,0.00,0.00,0.00,0.00,0.00,0.00,0.00,0.00,0.00,0.00,0.00,0.00
solar PV,0,0.00,0.00,0.00,0.00,0.00,0.00,0.00,0.00,0.00,0.00,0.00,0.00,0.00,0.00,0.00,0.00,0.00,0.00,0.00,0.00,0.00,0.00,0.00,0.00,0.00,0.00,0.00,0.00,0.00,0.00,0.00
solar thermal,0,0.00,0.00,0.00,0.00,0.00,0.00,0.00,0.00,0.00,0.00,0.00,0.00,0.00,0.00,0.00,0.00,0.00,0.00,0.00,0.00,0.00,0.00,0.00,0.00,0.00,0.00,0.00,0.00,0.00,0.00,0.00
biomass,2.60,2.60,2.60,2.60,2.60,2.60,2.60,2.60,2.60,2.60,2.60,2.60,2.60,2.60,2.60,2.60,2.60,2.60,2.60,2.60,2.60,2.60,2.60,2.60,2.60,2.60,2.60,2.60,2.60,2.60,2.60,2.60
geothermal,0,0.00,0.00,0.00,0.00,0.00,0.00,0.00,0.00,0.00,0.00,0.00,0.00,0.00,0.00,0.00,0.00,0.00,0.00,0.00,0.00,0.00,0.00,0.00,0.00,0.00,0.00,0.00,0.00,0.00,0.00,0.00
petroleum,15.44,15.44,15.44,15.44,15.44,15.44,15.44,15.44,15.44,15.44,15.44,15.44,15.44,15.44,15.44,15.44,15.44,15.44,15.44,15.44,15.44,15.44,15.44,15.44,15.44,15.44,15.44,15.44,15.44,15.44,15.44,15.44
natural gas peaker,0.18,0.18,0.18,0.18,0.18,0.18,0.18,0.18,0.18,0.18,0.18,0.18,0.18,0.18,0.18,0.18,0.18,0.18,0.18,0.18,0.18,0.18,0.18,0.18,0.18,0.18,0.18,0.18,0.18,0.18,0.18,0.18
lignite,3.59,3.59,3.59,3.59,3.59,3.59,3.59,3.59,3.59,3.59,3.59,3.59,3.59,3.59,3.59,3.59,3.59,3.59,3.59,3.59,3.59,3.59,3.59,3.59,3.59,3.59,3.59,3.59,3.59,3.59,3.59,3.59
offshore wind,0,0.00,0.00,0.00,0.00,0.00,0.00,0.00,0.00,0.00,0.00,0.00,0.00,0.00,0.00,0.00,0.00,0.00,0.00,0.00,0.00,0.00,0.00,0.00,0.00,0.00,0.00,0.00,0.00,0.00,0.00,0.00
crude oil,15.44,15.44,15.44,15.44,15.44,15.44,15.44,15.44,15.44,15.44,15.44,15.44,15.44,15.44,15.44,15.44,15.44,15.44,15.44,15.44,15.44,15.44,15.44,15.44,15.44,15.44,15.44,15.44,15.44,15.44,15.44,15.44
heavy or residual fuel oil,0.18,0.18,0.18,0.18,0.18,0.18,0.18,0.18,0.18,0.18,0.18,0.18,0.18,0.18,0.18,0.18,0.18,0.18,0.18,0.18,0.18,0.18,0.18,0.18,0.18,0.18,0.18,0.18,0.18,0.18,0.18,0.18
municipal solid waste,8.62,8.62,8.62,8.62,8.62,8.62,8.62,8.62,8.62,8.62,8.62,8.62,8.62,8.62,8.62,8.62,8.62,8.62,8.62,8.62,8.62,8.62,8.62,8.62,8.62,8.62,8.62,8.62,8.62,8.62,8.62,8.62