Unit: 2012 USD,GDP
2016,262820512.8
2017,280692307.7
2018,299218000
2019,300115654
2020,282408830.4
2021,302742266.2
2022,297595647.7
2023,306523517.1
2024,315719222.6
2025,325190799.3
2026,334946523.3
2027,343320186.4
2028,351903191
2029,360700770.8
2030,369718290.1
2031,378961247.3
2032,388435278.5
2033,398146160.5
2034,408099814.5
2035,418302309.8
2036,428759867.6
2037,439478864.3
2038,450465835.9
2039,461727481.8
2040,473270668.8
2041,485102435.5
2042,497229996.4
2043,509660746.3
2044,522402265
2045,535462321.6
2046,548848879.7
2047,562570101.7
2048,576634354.2
2049,591050213.1
2050,7.99054E+11