Policy:,F-gas substitution,Unit: g CO2e,,,,,,,,,,,,,,,,,,,,,,,,,,,,,,,,,,,,,,,,,,,,,
Lower Bound,Upper Bound,2015,2016,2017,2018,2019,2020,2021,2022,2023,2024,2025,2026,2027,2028,2029,2030,2031,2032,2033,2034,2035,2036,2037,2038,2039,2040,2041,2042,2043,2044,2045,2046,2047,2048,2049,2050,2051,2052,2053,2054,2055,2056,2057,2058,2059,2060
-1150,-1100,0,0,0,0,0,0,0,0,0,0,0,0,0,0,0,0,0,0,0,0,0,0,0,0,0,0,0,0,0,0,0,0,0,0,0,0,0,0,0,0,0,0,0,0,0,0
-1100,-1050,0,0,0,0,0,0,0,0,0,0,0,0,0,0,0,0,0,0,0,0,0,0,0,0,0,0,0,0,0,0,0,0,0,0,0,0,0,0,0,0,0,0,0,0,0,0
-1050,-1000,0,0,0,0,0,0,0,0,0,0,0,0,0,0,0,0,0,0,0,0,0,0,0,0,0,0,0,0,0,0,0,0,0,0,0,0,0,0,0,0,0,0,0,0,0,0
-1000,-950,0,0,0,0,0,0,0,0,0,0,0,0,0,0,0,0,0,0,0,0,0,0,0,0,0,0,0,0,0,0,0,0,0,0,0,0,0,0,0,0,0,0,0,0,0,0
-950,-900,0,0,0,0,0,0,0,0,0,0,0,0,0,0,0,0,0,0,0,0,0,0,0,0,0,0,0,0,0,0,0,0,0,0,0,0,0,0,0,0,0,0,0,0,0,0
-900,-850,0,0,0,0,0,0,0,0,0,0,0,0,0,0,0,0,0,0,0,0,0,0,0,0,0,0,0,0,0,0,0,0,0,0,0,0,0,0,0,0,0,0,0,0,0,0
-850,-800,0,0,0,0,0,0,0,0,0,0,0,0,0,0,0,0,0,0,0,0,0,0,0,0,0,0,0,0,0,0,0,0,0,0,0,0,0,0,0,0,0,0,0,0,0,0
-800,-750,0,0,0,0,0,0,0,0,0,0,0,0,0,0,0,0,0,0,0,0,0,0,0,0,0,0,0,0,0,0,0,0,0,0,0,0,0,0,0,0,0,0,0,0,0,0
-750,-700,0,0,0,0,0,0,0,0,0,0,0,0,0,0,0,0,0,0,0,0,0,0,0,0,0,0,0,0,0,0,0,0,0,0,0,0,0,0,0,0,0,0,0,0,0,0
-700,-650,0,0,0,0,0,0,0,0,0,0,0,0,0,0,0,0,0,0,0,0,0,0,0,0,0,0,0,0,0,0,0,0,0,0,0,0,0,0,0,0,0,0,0,0,0,0
-650,-600,0,0,0,0,0,0,0,0,0,0,0,0,0,0,0,0,0,0,0,0,0,0,0,0,0,0,0,0,0,0,0,0,0,0,0,0,0,0,0,0,0,0,0,0,0,0
-600,-550,0,0,0,0,0,0,0,0,0,0,0,0,0,0,0,0,0,0,0,0,0,0,0,0,0,0,0,0,0,0,0,0,0,0,0,0,0,0,0,0,0,0,0,0,0,0
-550,-500,0,0,0,0,0,0,0,0,0,0,0,0,0,0,0,0,0,0,0,0,0,0,0,0,0,0,0,0,0,0,0,0,0,0,0,0,0,0,0,0,0,0,0,0,0,0
-500,-450,0,0,0,0,0,0,0,0,0,0,0,0,0,0,0,0,0,0,0,0,0,0,0,0,0,0,0,0,0,0,0,0,0,0,0,0,0,0,0,0,0,0,0,0,0,0
-450,-400,0,0,0,0,0,0,0,0,0,0,0,0,0,0,0,0,0,0,0,0,0,0,0,0,0,0,0,0,0,0,0,0,0,0,0,0,0,0,0,0,0,0,0,0,0,0
-400,-350,0,0,0,0,0,0,0,0,0,0,0,0,0,0,0,0,0,0,0,0,0,0,0,0,0,0,0,0,0,0,0,0,0,0,0,0,0,0,0,0,0,0,0,0,0,0
-350,-300,0,0,0,0,0,0,0,0,0,0,0,0,0,0,0,0,0,0,0,0,0,0,0,0,0,0,0,0,0,0,0,0,0,0,0,0,0,0,0,0,0,0,0,0,0,0
-300,-250,0,0,0,0,0,0,0,0,0,0,0,0,0,0,0,0,0,0,0,0,0,0,0,0,0,0,0,0,0,0,0,0,0,0,0,0,0,0,0,0,0,0,0,0,0,0
-250,-200,0,0,0,0,0,0,0,0,0,0,0,0,0,0,0,0,0,0,0,0,0,0,0,0,0,0,0,0,0,0,0,0,0,0,0,0,0,0,0,0,0,0,0,0,0,0
-200,-150,0,0,0,0,0,0,0,0,0,0,0,0,0,0,0,0,0,0,0,0,0,0,0,0,0,0,0,0,0,0,0,0,0,0,0,0,0,0,0,0,0,0,0,0,0,0
-150,-100,0,0,0,0,0,0,0,0,0,0,0,0,0,0,0,0,0,0,0,0,0,0,0,0,0,0,0,0,0,0,0,0,0,0,0,0,0,0,0,0,0,0,0,0,0,0
-100,-90,0,0,0,0,0,0,133671.7745,247541.234,346525.3528,432256.2131,507881.564,3057449.974,5263798.586,7193117.993,8894362.175,10404895.55,12162073.03,13865769.58,15518237.32,17122033.04,18679127.64,20607161.08,22383754.02,24026034.79,25548685.64,26964330.14,28062144.4,29096580.38,30072974.12,30996075.08,31870131.57,32628567.25,33339899.71,34008385.1,34637781.56,35231420.14,40096963.1,41493965.74,42890968.38,44287971.02,45684973.66,47081976.3,48478978.93,49875981.57,51272984.21,52669986.85
-90,-80,0,0,0,0,0,0,0,0,0,0,0,0,0,0,0,0,0,0,0,0,0,0,0,0,0,0,0,0,0,0,0,0,0,0,0,0,0,0,0,0,0,0,0,0,0,0
-80,-70,0,0,0,0,0,0,0,0,0,0,0,0,0,0,0,0,0,0,0,0,0,0,0,0,0,0,0,0,0,0,0,0,0,0,0,0,0,0,0,0,0,0,0,0,0,0
-70,-60,0,0,0,0,0,0,0,0,0,0,0,0,0,0,0,0,0,0,0,0,0,0,0,0,0,0,0,0,0,0,0,0,0,0,0,0,0,0,0,0,0,0,0,0,0,0
-60,-50,0,0,0,0,0,0,0,0,0,0,0,0,0,0,0,0,0,0,0,0,0,0,0,0,0,0,0,0,0,0,0,0,0,0,0,0,0,0,0,0,0,0,0,0,0,0
-50,-40,0,0,0,0,0,0,0,0,0,0,0,0,0,0,0,0,0,0,0,0,0,0,0,0,0,0,0,0,0,0,0,0,0,0,0,0,0,0,0,0,0,0,0,0,0,0
-40,-30,0,0,0,0,0,0,0,0,0,0,0,0,0,0,0,0,0,0,0,0,0,0,0,0,0,0,0,0,0,0,0,0,0,0,0,0,0,0,0,0,0,0,0,0,0,0
-30,-20,0,30840.33854,63131.78399,92448.04022,120209.7566,149033.9702,501344.1305,801638.4612,1063030.525,1289128.589,1488656.46,2040543.163,2517608.543,2934986.115,3303058.127,3629774.003,3861438.196,4086045.346,4303872.593,4515303.426,4720573.293,4883843.786,5034295.12,5173370.386,5302314.353,5422197.566,5313006.21,5210118.589,5113004.417,5021190.585,4934254.874,4833650.95,4739295.048,4650622.686,4567135.349,4488391.164,4409646.978,4330902.793,4252158.608,4173414.422,4094670.237,4015926.052,3937181.866,3858437.681,3779693.496,3700949.311
-20,-10,0,0,0,0,0,0,5841080.266,10816855.11,15142182.47,18888379.74,22192994.69,23635947.43,24876278.37,25964250.17,26924161.29,27774956.63,27947338.84,28114401.26,28276130.49,28433327.16,28585895.64,29259707.23,29880629.64,30454597.07,30986750.8,31481513.44,31237767.81,31008093.8,30791308.76,30586354.85,30392290.37,29772317.2,29190847.57,28644402.83,28129910.88,27644648.68,34326714.74,34836233.28,35345751.82,35855270.36,36364788.9,36874307.44,37383825.98,37893344.52,38402863.06,38912381.61
-10,0,0,50876.30251,104146.4488,152508.5224,198306.1221,245856.489,5004645.757,9058751.758,12583475.89,15635777.47,18328423.3,27372743.93,35193211.87,42034289.28,48067064.34,53422422.13,64503903.83,75248146.23,85669458.93,95783715.52,105603476.9,157764018.6,205826865.7,250256343.8,291449478.8,329747588.6,367029247.3,402158588.1,435316789.6,466665195.3,496348053.3,535246514.8,571729165,606014283,638294616.1,668741009.2,616590844.8,641067464.4,665544083.9,690020703.4,714497323,738973942.5,763450562,787927181.6,812403801.1,836880420.6
0,0,0,0,0,0,0,316978.1203,0,0,0,0,326824.1023,0,0,0,0,346596.7242,0,0,0,0,322551.8409,0,0,0,0,267107.5732,0,0,0,0,232989.8885,0,0,0,0,201388.7133,0,0,0,0,0,0,0,0,0,201388.7133
0.1,10,0,19745237.09,20411673.91,20123886.18,19817474.07,19846144.51,21434654.43,22811259.81,24054927.34,25092727.75,26018993.97,27632951.82,29019817.92,30236510.47,31310021.52,32261420.94,61586017.5,90018486.31,117597650.1,144363272.4,170349771.5,201411900.9,230033989.3,256492294.8,281023299.6,303830315,325297877.6,345526089.8,364619284.6,382670356.8,399762372.1,409366483.5,418374124.2,426839190.2,434809271,442326547.8,449843824.7,457361101.5,464878378.4,472395655.2,479912932.1,487430208.9,494947485.8,502464762.6,509982039.5,517499316.4
10,20,0,1134521.693,870909.4386,566813.423,276384.3213,0,0,0,0,0,0,598676.0302,1116804.607,1569858.559,1969351.548,2324069.275,2962110.255,3580735.989,4180776.97,4763131.703,5328531.535,5678123.984,6000260.336,6298041.753,6574131.317,6830818.908,7140423.79,7432154.772,7707516.675,7967849.013,8214349.857,8814596.241,9377563.975,9906621.354,10404742.68,10874564.27,11344385.87,11814207.47,12284029.06,12753850.66,13223672.26,13693493.85,14163315.45,14633137.05,15102958.64,15572780.24
20,30,0,369383.4446,756147.2064,1107276.287,1439786.204,1785021.951,1749973.051,1722222.756,1702328.813,1681559.358,1664209.152,1469087.612,1299582.106,1151622.255,1021196.631,905274.5019,1863067.579,2791722.595,3692508.87,4566722.101,5415488.051,14555660.07,22977765.14,30763198.51,37981525.6,44692549.66,51822415.18,58540664.5,64881945.78,70877116.49,76553762.38,79820600.74,82884549.98,85763942.34,88474965.4,91031967.27,93588969.14,96145971.02,98702972.89,101259974.8,103816976.6,106373978.5,108930980.4,111487982.3,114044984.1,116601986
30,40,0,0,0,0,0,0,10194.80008,18879.32887,26428.59128,32967.06198,38734.81165,652229.2265,1183167.677,1647428.61,2056804.649,2420295.064,2765958.338,3101100.087,3426160.063,3741648.902,4047950.274,7599837.53,10872685.89,13898121.13,16703177.38,19311095.27,22628337.6,25754071.33,28704416.77,31493730.82,34134847.94,34758392.5,35343211.29,35892803.58,36410259.08,36898316.38,37386373.69,37874431,38362488.31,38850545.62,39338602.93,39826660.23,40314717.54,40802774.85,41290832.16,41778889.47
40,50,0,0,0,0,0,0,0,0,0,0,0,15.26516735,28.47651879,40.02858374,50.21494,59.25960722,46.67562207,34.47427322,22.63826049,11.15202257,0,0,0,0,0,0,222964.4526,433056.889,631360.7451,818841.1163,996360.6041,971297.4436,947790.836,925700.1513,904901.1967,885283.8897,865666.5827,846049.2758,826431.9688,806814.6618,787197.3548,767580.0478,747962.7408,728345.4338,708728.1268,689110.8198
50,60,0,0,0,0,0,0,2993.829421,5544.148958,7761.083449,9681.186423,11374.95761,66405.66821,114028.0537,155671.0346,192391.1851,224994.9496,291639.1288,356255.4098,418930.6942,479758.4672,538815.3105,598059.1104,652649.4521,703112.731,749900.0799,793399.3741,798487.4109,803281.7061,807807.0279,812085.3297,816136.3282,824295.1193,831947.1992,839138.3575,845909.0213,852295.023,858681.0247,865067.0264,871453.0281,877839.0298,884225.0315,890611.0332,896997.0349,903383.0366,909769.0383,916155.04
60,70,0,1153436.576,2361144.923,3457580.43,4495875.747,5573908.734,20492906.91,33208362.29,44274821.77,53848510.84,62296735.3,77093373.16,89875419.79,101061701.2,110927094,119682480.1,123344058.9,126893926.8,130335918.3,133677375.2,136921345.9,110401990.1,85966290.71,63377728.29,42434535.26,22963273.54,22477331.39,22019443.21,21587248.97,21178643.26,20791746.99,20374939.68,19984018.24,19616644.01,19270751.61,18944510.34,18618269.06,18292027.79,17965786.51,17639545.24,17313303.96,16987062.69,16660821.41,16334580.14,16008338.86,15682097.59
70,80,0,7048206.918,7893403.965,8369129.206,8808561.482,9378081.071,6892735.976,4786639.82,2978075.434,1393070.809,0,0,0,0,0,0,0,0,0,0,0,0,0,0,0,0,0,0,0,0,0,0,0,0,0,0,0,0,0,0,0,0,0,0,0,0
80,90,0,0,0,0,0,0,2594225.709,4804139.362,6725166.797,8388982.532,9856676.295,9571540.17,9320999.361,9103444.677,8911859.163,8741067.632,9032396.379,9314839.129,9588707.818,9854570.53,10112678.24,7759343.589,5590909.793,3586392.842,1727886.894,0,0,0,0,0,0,0,0,0,0,0,0,0,0,0,0,0,0,0,0,0
90,100,0,8198.889757,16783.55562,24577.2688,31957.70827,39620.61215,39872.37446,40133.59466,40454.52947,40653.93752,40851.39406,30337.44376,21222.45291,13258.56093,6237.210194,0,0,0,0,0,0,2418508.037,4647011.735,6707051.811,8617034.761,10392783.94,10579809.77,10756038.34,10922379.02,11079640.42,11228546.53,11401506.11,11563723.87,11716170.47,11859702.92,11995080.86,12130458.81,12265836.75,12401214.7,12536592.64,12671970.59,12807348.53,12942726.48,13078104.42,13213482.36,13348860.31
100,150,0,0,0,0,0,0,1185081.614,2194603.657,3072158.098,3832214.337,4502679.088,5152862.58,5713847.549,6205069.372,6638331.883,7022724.077,7503302.614,7969242.973,8421124.512,8859732.342,9285560.368,9574096.543,9839979.9,10085758.5,10313632.55,10525494.43,10390478.04,10263256.27,10143173.64,10029644.81,9922147.85,9719392.534,9529229.367,9350520.702,9182261.844,9023562.246,8864862.649,8706163.051,8547463.454,8388763.856,8230064.259,8071364.661,7912665.064,7753965.466,7595265.869,7436566.271
150,200,0,0,0,0,0,0,0,0,0,0,0,0,0,0,0,0,0,0,0,0,0,0,0,0,0,0,0,0,0,0,0,0,0,0,0,0,0,0,0,0,0,0,0,0,0,0
200,250,0,0,0,0,0,0,0,0,0,0,0,0,0,0,0,0,0,0,0,0,0,0,0,0,0,0,0,0,0,0,0,0,0,0,0,0,0,0,0,0,0,0,0,0,0,0
250,300,0,29996210.27,23026428.5,14986275.47,7307469.101,0,0,0,0,0,0,0,0,0,0,0,0,0,0,0,0,0,0,0,0,0,0,0,0,0,0,0,0,0,0,0,0,0,0,0,0,0,0,0,0,0
300,350,0,8910794.252,18240861.3,26711297.75,34732576.19,43060845.24,40345204.59,38082676.5,36217924.59,34517472.63,33040886.28,24537131.54,17164864.74,10723614.55,5044698.168,0,0,0,0,0,0,0,0,0,0,0,0,0,0,0,0,0,0,0,0,0,0,0,0,0,0,0,0,0,0,0
350,400,0,0,0,0,0,0,0,0,0,0,0,6570043.612,12256136.21,17228081.09,21612232.49,25505007.25,25470857.95,25437677.64,25405197.4,25373895.85,25343456.98,24629753.35,23972162.01,23364266.73,22800647.36,22276646.96,17291603.64,12594353.03,8160672.872,3968983.582,0,0,0,0,0,0,0,0,0,0,0,0,0,0,0,0
400,450,0,0,0,0,0,0,0,0,0,0,0,0,0,0,0,0,0,0,0,0,0,0,0,0,0,0,4602896.813,8940062.646,13033864.04,16904224.51,20568951.67,20152842.04,19762574.96,19395815.66,19050502.24,18724807.06,18399111.87,18073416.68,17747721.49,17422026.3,17096331.11,16770635.93,16444940.74,16119245.55,15793550.36,15467855.17
450,500,0,0,0,0,0,0,5103933.141,9451762.819,13231231.8,16504657.17,19392228.14,18588729.78,17885923.66,17274375.98,16735617.41,16255907.22,16004893.63,15761471.26,15525162.99,15295968.2,15073413.69,15119935.77,15162827.86,15202468.89,15239219.83,15273392.52,15078238.04,14894350.02,14720781.01,14556684.94,14401307.41,14107460.92,13831863.81,13572867.33,13329015.4,13099017.38,12869019.37,12639021.36,12409023.35,12179025.33,11949027.32,11719029.31,11489031.29,11259033.28,11029035.27,10799037.26
500,550,0,0,0,0,0,0,0,0,0,0,0,0,0,0,0,0,0,0,0,0,0,0,0,0,0,0,0,0,0,0,0,0,0,0,0,0,0,0,0,0,0,0,0,0,0,0
550,600,0,0,0,0,0,0,0,0,0,0,0,0,0,0,0,0,0,0,0,0,0,0,0,0,0,0,0,0,0,0,0,0,0,0,0,0,0,0,0,0,0,0,0,0,0,0
600,650,0,0,0,0,0,0,0,0,0,0,0,0,0,0,0,0,0,0,0,0,0,0,0,0,0,0,0,0,0,0,0,0,0,0,0,0,0,0,0,0,0,0,0,0,0,0
650,700,0,0,0,0,0,0,0,0,0,0,0,0,0,0,0,0,0,0,0,0,0,0,0,0,0,0,0,0,0,0,0,0,0,0,0,0,0,0,0,0,0,0,0,0,0,0
700,750,0,0,0,0,0,0,0,0,0,0,0,0,0,0,0,0,0,0,0,0,0,0,0,0,0,0,0,0,0,0,0,0,0,0,0,0,0,0,0,0,0,0,0,0,0,0
750,800,0,0,0,0,0,0,0,0,0,0,0,0,0,0,0,0,0,0,0,0,0,0,0,0,0,0,0,0,0,0,0,0,0,0,0,0,0,0,0,0,0,0,0,0,0,0
800,850,0,0,0,0,0,0,0,0,0,0,0,0,0,0,0,0,0,0,0,0,0,0,0,0,0,0,0,0,0,0,0,0,0,0,0,0,0,0,0,0,0,0,0,0,0,0
850,900,0,0,0,0,0,0,0,0,0,0,0,0,0,0,0,0,0,0,0,0,0,0,0,0,0,0,0,0,0,0,0,0,0,0,0,0,0,0,0,0,0,0,0,0,0,0
900,950,0,0,0,0,0,0,0,0,0,0,0,0,0,0,0,0,0,0,0,0,0,0,0,0,0,0,0,0,0,0,0,0,0,0,0,0,0,0,0,0,0,0,0,0,0,0
950,1000,0,0,0,0,0,0,0,0,0,0,0,0,0,0,0,0,0,0,0,0,0,0,0,0,0,0,0,0,0,0,0,0,0,0,0,0,0,0,0,0,0,0,0,0,0,0
1000,1050,0,0,0,0,0,0,0,0,0,0,0,0,0,0,0,0,0,0,0,0,0,0,0,0,0,0,0,0,0,0,0,0,0,0,0,0,0,0,0,0,0,0,0,0,0,0
1050,1100,0,0,0,0,0,0,0,0,0,0,0,0,0,0,0,0,0,0,0,0,0,0,0,0,0,0,0,0,0,0,0,0,0,0,0,0,0,0,0,0,0,0,0,0,0,0
1100,1150,0,0,0,0,0,0,0,0,0,0,0,0,0,0,0,0,0,0,0,0,0,0,0,0,0,0,0,0,0,0,0,0,0,0,0,0,0,0,0,0,0,0,0,0,0,0
1150,1200,0,0,0,0,0,0,0,0,0,0,0,0,0,0,0,0,0,0,0,0,0,0,0,0,0,0,0,0,0,0,0,0,0,0,0,0,0,0,0,0,0,0,0,0,0,0
1200,1250,0,0,0,0,0,0,0,0,0,0,0,0,0,0,0,0,0,0,0,0,0,0,0,0,0,0,0,0,0,0,0,0,0,0,0,0,0,0,0,0,0,0,0,0,0,0
1250,1300,0,0,0,0,0,0,0,0,0,0,0,0,0,0,0,0,0,0,0,0,0,0,0,0,0,0,0,0,0,0,0,0,0,0,0,0,0,0,0,0,0,0,0,0,0,0
1300,1350,0,0,0,0,0,0,0,0,0,0,0,0,0,0,0,0,0,0,0,0,0,0,0,0,0,0,0,0,0,0,0,0,0,0,0,0,0,0,0,0,0,0,0,0,0,0
1350,1400,0,0,0,0,0,0,0,0,0,0,0,0,0,0,0,0,0,0,0,0,0,0,0,0,0,0,0,0,0,0,0,0,0,0,0,0,0,0,0,0,0,0,0,0,0,0
1400,1450,0,0,0,0,0,0,0,0,0,0,0,0,0,0,0,0,0,0,0,0,0,0,0,0,0,0,0,0,0,0,0,0,0,0,0,0,0,0,0,0,0,0,0,0,0,0
1450,1500,0,0,0,0,0,0,0,0,0,0,0,0,0,0,0,0,0,0,0,0,0,0,0,0,0,0,0,0,0,0,0,0,0,0,0,0,0,0,0,0,0,0,0,0,0,0
1500,1550,0,0,0,0,0,0,0,0,0,0,0,0,0,0,0,0,0,0,0,0,0,0,0,0,0,0,0,0,0,0,0,0,0,0,0,0,0,0,0,0,0,0,0,0,0,0
1550,1600,0,0,0,0,0,0,0,0,0,0,0,0,0,0,0,0,0,0,0,0,0,0,0,0,0,0,0,0,0,0,0,0,0,0,0,0,0,0,0,0,0,0,0,0,0,0
