Fuel Price ($/BTU),2020,2021,2022,2023,2024,2025,2026,2027,2028,2029,2030,2031,2032,2033,2034,2035,2036,2037,2038,2039,2040,2041,2042,2043,2044,2045,2046,2047,2048,2049,2050
Transportation Sector,7.47407E-05,7.59864E-05,7.7232E-05,7.84777E-05,7.97234E-05,8.09691E-05,8.22147E-05,8.34604E-05,8.47061E-05,8.59518E-05,8.71975E-05,8.84431E-05,8.96888E-05,9.09345E-05,9.21802E-05,9.34258E-05,9.46715E-05,9.59172E-05,9.71629E-05,9.84086E-05,9.96542E-05,0.0001009,0.000102146,0.000103391,0.000104637,0.000105883,0.000107128,0.000108374,0.00010962,0.000110865,0.000112111
Electricity Sector,0,0,0,0,0,0,0,0,0,0,0,0,0,0,0,0,0,0,0,0,0,0,0,0,0,0,0,0,0,0,0
Residential Buildings Sector,7.47407E-05,7.59864E-05,7.7232E-05,7.84777E-05,7.97234E-05,8.09691E-05,8.22147E-05,8.34604E-05,8.47061E-05,8.59518E-05,8.71975E-05,8.84431E-05,8.96888E-05,9.09345E-05,9.21802E-05,9.34258E-05,9.46715E-05,9.59172E-05,9.71629E-05,9.84086E-05,9.96542E-05,0.0001009,0.000102146,0.000103391,0.000104637,0.000105883,0.000107128,0.000108374,0.00010962,0.000110865,0.000112111
Commercial Buildings Sector,7.47407E-05,7.59864E-05,7.7232E-05,7.84777E-05,7.97234E-05,8.09691E-05,8.22147E-05,8.34604E-05,8.47061E-05,8.59518E-05,8.71975E-05,8.84431E-05,8.96888E-05,9.09345E-05,9.21802E-05,9.34258E-05,9.46715E-05,9.59172E-05,9.71629E-05,9.84086E-05,9.96542E-05,0.0001009,0.000102146,0.000103391,0.000104637,0.000105883,0.000107128,0.000108374,0.00010962,0.000110865,0.000112111
Industry Sector,7.47407E-05,7.59864E-05,7.7232E-05,7.84777E-05,7.97234E-05,8.09691E-05,8.22147E-05,8.34604E-05,8.47061E-05,8.59518E-05,8.71975E-05,8.84431E-05,8.96888E-05,9.09345E-05,9.21802E-05,9.34258E-05,9.46715E-05,9.59172E-05,9.71629E-05,9.84086E-05,9.96542E-05,0.0001009,0.000102146,0.000103391,0.000104637,0.000105883,0.000107128,0.000108374,0.00010962,0.000110865,0.000112111
District Heating Sector,1.713E-05,1.734E-05,1.705E-05,1.626E-05,1.579E-05,1.561E-05,1.549E-05,1.545E-05,1.546E-05,1.548E-05,1.547E-05,1.548E-05,1.550E-05,1.550E-05,1.550E-05,1.534E-05,1.523E-05,1.511E-05,1.504E-05,1.495E-05,1.494E-05,1.490E-05,1.485E-05,1.472E-05,1.464E-05,1.459E-05,1.445E-05,1.440E-05,1.433E-05,1.426E-05,1.418E-05
LULUCF Sector,0,0,0,0,0,0,0,0,0,0,0,0,0,0,0,0,0,0,0,0,0,0,0,0,0,0,0,0,0,0,0
Geoengineering Sector,1.713E-05,1.734E-05,1.705E-05,1.626E-05,1.579E-05,1.561E-05,1.549E-05,1.545E-05,1.546E-05,1.548E-05,1.547E-05,1.548E-05,1.550E-05,1.550E-05,1.550E-05,1.534E-05,1.523E-05,1.511E-05,1.504E-05,1.495E-05,1.494E-05,1.490E-05,1.485E-05,1.472E-05,1.464E-05,1.459E-05,1.445E-05,1.440E-05,1.433E-05,1.426E-05,1.418E-05
,,,,,,,,,,,,,,,,,,,,,,,,,,,,,,,
,,,,,,,,,,,,,,,,,,,,,,,,,,,,,,,
,,,,,,,,,,,,,,,,,,,,,,,,,,,,,,,
,,,,,,,,,,,,,,,,,,,,,,,,,,,,,,,
,,,,,,,,,,,,,,,,,,,,,,,,,,,,,,,
,,,,,,,,,,,,,,,,,,,,,,,,,,,,,,,
,,,,,,,,,,,,,,,,,,,,,,,,,,,,,,,
,,,,,,,,,,,,,,,,,,,,,,,,,,,,,,,
,,,,,,,,,,,,,,,,,,,,,,,,,,,,,,,
,,,,,,,,,,,,,,,,,,,,,,,,,,,,,,,
,,,,,,,,,,,,,,,,,,,,,,,,,,,,,,,
,,,,,,,,,,,,,,,,,,,,,,,,,,,,,,,
,,,,,,,,,,,,,,,,,,,,,,,,,,,,,,,
,,,,,,,,,,,,,,,,,,,,,,,,,,,,,,,
,,,,,,,,,,,,,,,,,,,,,,,,,,,,,,,