Year,2014,2015,2016,2017,2018,2019,2020,2021,2022,2023,2024,2025,2026,2027,2028,2029,2030,2031,2032,2033,2034,2035,2036,2037,2038,2039,2040,2041,2042,2043,2044,2045,2046,2047,2048,2049,2050
electricity(BTU),7.34545E+11,6.5493E+11,5.99957E+11,5.40246E+11,5.3835E+11,5.53515E+11,5.84793E+11,5.97114E+11,6.42139E+11,6.42368E+11,6.48152E+11,6.53607E+11,6.58661E+11,6.63529E+11,6.68423E+11,6.73307E+11,6.78011E+11,6.82652E+11,6.87282E+11,6.92082E+11,6.96766E+11,7.01134E+11,7.02186E+11,7.05728E+11,7.09277E+11,7.12611E+11,7.15738E+11,7.18523E+11,7.20979E+11,7.23238E+11,7.25261E+11,7.27038E+11,7.28529E+11,7.29596E+11,7.30444E+11,7.30962E+11,7.3134E+11
coal(BTU),0,0,0,0,0,0,0,0,0,0,0,0,0,0,0,0,0,0,0,0,0,0,0,0,0,0,0,0,0,0,0,0,0,0,0,0,0
natural gas(BTU),0,0,0,0,0,0,0,0,0,0,0,0,0,0,0,0,0,0,0,0,0,0,0,0,0,0,0,0,0,0,0,0,0,0,0,0,0
petroleum diesel (BTU),0,0,0,0,0,0,0,0,0,0,0,0,0,0,0,0,0,0,0,0,0,0,0,0,0,0,0,0,0,0,0,0,0,0,0,0,0
heat (BTU),0,0,0,0,0,0,0,0,0,0,0,0,0,0,0,0,0,0,0,0,0,0,0,0,0,0,0,0,0,0,0,0,0,0,0,0,0
biomass (BTU),0,0,0,0,0,0,0,0,0,0,0,0,0,0,0,0,0,0,0,0,0,0,0,0,0,0,0,0,0,0,0,0,0,0,0,0,0
kerosene (BTU),0,0,0,0,0,0,0,0,0,0,0,0,0,0,0,0,0,0,0,0,0,0,0,0,0,0,0,0,0,0,0,0,0,0,0,0,0
heavy or residual fuel oil (BTU),0,0,0,0,0,0,0,0,0,0,0,0,0,0,0,0,0,0,0,0,0,0,0,0,0,0,0,0,0,0,0,0,0,0,0,0,0
LPG propane or butane (BTU),0,0,0,0,0,0,0,0,0,0,0,0,0,0,0,0,0,0,0,0,0,0,0,0,0,0,0,0,0,0,0,0,0,0,0,0,0
hydrogen (BTU),0,0,0,0,0,0,0,0,0,0,0,0,0,0,0,0,0,0,0,0,0,0,0,0,0,0,0,0,0,0,0,0,0,0,0,0,0