Year,2014,2015,2016,2017,2018,2019,2020,2021,2022,2023,2024,2025,2026,2027,2028,2029,2030,2031,2032,2033,2034,2035,2036,2037,2038,2039,2040,2041,2042,2043,2044,2045,2046,2047,2048,2049,2050,,
electricity (BTU),2.78E+13,2.77E+13,2.70E+13,2.72E+13,2.89E+13,2.86E+13,2.73E+13,2.82E+13,2.82E+13,2.83E+13,2.85E+13,2.85E+13,2.86E+13,2.86E+13,2.87E+13,2.88E+13,2.88E+13,2.89E+13,2.90E+13,2.90E+13,2.91E+13,2.92E+13,2.92E+13,2.93E+13,2.94E+13,2.94E+13,2.95E+13,2.96E+13,2.96E+13,2.97E+13,2.98E+13,2.98E+13,2.99E+13,3.00E+13,3.00E+13,3.01E+13,3.02E+13,,
coal (BTU),0.00E+00,0.00E+00,0.00E+00,0.00E+00,0.00E+00,0.00E+00,0.00E+00,0.00E+00,0.00E+00,0.00E+00,0.00E+00,0.00E+00,0.00E+00,0.00E+00,0.00E+00,0.00E+00,0.00E+00,0.00E+00,0.00E+00,0.00E+00,0.00E+00,0.00E+00,0.00E+00,0.00E+00,0.00E+00,0.00E+00,0.00E+00,0.00E+00,0.00E+00,0.00E+00,0.00E+00,0.00E+00,0.00E+00,0.00E+00,0.00E+00,0.00E+00,0.00E+00,,
natural gas (BTU),1.14E+10,1.14E+10,1.23E+10,1.23E+10,1.23E+10,1.23E+10,9.48E+09,1.04E+10,1.06E+10,1.04E+10,1.02E+10,1.04E+10,1.04E+10,1.04E+10,1.05E+10,1.05E+10,1.05E+10,1.05E+10,1.06E+10,1.06E+10,1.06E+10,1.06E+10,1.07E+10,1.07E+10,1.07E+10,1.07E+10,1.08E+10,1.08E+10,1.08E+10,1.08E+10,1.08E+10,1.09E+10,1.09E+10,1.09E+10,1.09E+10,1.10E+10,1.10E+10,,
petroleum diesel (BTU),0.00E+00,0.00E+00,0.00E+00,0.00E+00,0.00E+00,0.00E+00,0.00E+00,0.00E+00,0.00E+00,0.00E+00,0.00E+00,0.00E+00,0.00E+00,0.00E+00,0.00E+00,0.00E+00,0.00E+00,0.00E+00,0.00E+00,0.00E+00,0.00E+00,0.00E+00,0.00E+00,0.00E+00,0.00E+00,0.00E+00,0.00E+00,0.00E+00,0.00E+00,0.00E+00,0.00E+00,0.00E+00,0.00E+00,0.00E+00,0.00E+00,0.00E+00,0.00E+00,,
heat (BTU),0.00E+00,0.00E+00,0.00E+00,0.00E+00,0.00E+00,0.00E+00,0.00E+00,0.00E+00,0.00E+00,0.00E+00,0.00E+00,0.00E+00,0.00E+00,0.00E+00,0.00E+00,0.00E+00,0.00E+00,0.00E+00,0.00E+00,0.00E+00,0.00E+00,0.00E+00,0.00E+00,0.00E+00,0.00E+00,0.00E+00,0.00E+00,0.00E+00,0.00E+00,0.00E+00,0.00E+00,0.00E+00,0.00E+00,0.00E+00,0.00E+00,0.00E+00,0.00E+00,,
biomass (BTU),0.00E+00,0.00E+00,0.00E+00,0.00E+00,0.00E+00,0.00E+00,0.00E+00,0.00E+00,0.00E+00,0.00E+00,0.00E+00,0.00E+00,0.00E+00,0.00E+00,0.00E+00,0.00E+00,0.00E+00,0.00E+00,0.00E+00,0.00E+00,0.00E+00,0.00E+00,0.00E+00,0.00E+00,0.00E+00,0.00E+00,0.00E+00,0.00E+00,0.00E+00,0.00E+00,0.00E+00,0.00E+00,0.00E+00,0.00E+00,0.00E+00,0.00E+00,0.00E+00,,
kerosene (BTU),0,0,0,0,0,0,0,0,0,0,0,0,0,0,0,0,0,0,0,0,0,0,0,0,0,0,0,0,0,0,0,0,0,0,0,0,0,,
heavy or residual fuel oil (BTU),0,0,0,0,0,0,0,0,0,0,0,0,0,0,0,0,0,0,0,0,0,0,0,0,0,0,0,0,0,0,0,0,0,0,0,0,0,,
LPG propane or butane (BTU),0,0,0,0,0,0,0,0,0,0,0,0,0,0,0,0,0,0,0,0,0,0,0,0,0,0,0,0,0,0,0,0,0,0,0,0,0,,
hydrogen (BTU),0,0,0,0,0,0,0,0,0,0,0,0,0,0,0,0,0,0,0,0,0,0,0,0,0,0,0,0,0,0,0,0,0,0,0,0,0,,